ID,NOMBRE,FECHA_ASIGNACION
1,DESOCUPADO,2018-4-16 3:17:43
2,ROJO,2016-4-16 18:55:43
3,ROJO,2020-12-16 14:25:43
4,DESHABILITADO,2018-7-5 17:0:42
5,ROJO,2018-8-16 7:44:43
6,DESHABILITADO,2016-10-7 15:51:48
7,NARANJA,2018-4-21 4:52:56
8,VERDE,2016-6-26 22:22:22
9,DESOCUPADO,2017-1-16 17:46:55
10,NARANJA,2015-8-7 14:15:32
11,ROJO,2016-1-26 13:32:37
12,NARANJA,2017-11-14 19:53:25
13,VERDE,2020-11-3 6:22:9
14,DESHABILITADO,2017-9-23 12:8:2
15,DESHABILITADO,2018-1-18 17:4:11
16,DESHABILITADO,2018-12-20 2:29:10
17,DESHABILITADO,2017-10-3 13:25:31
18,DESHABILITADO,2018-5-14 22:59:40
19,DESHABILITADO,2019-2-16 11:18:16
20,ROJO,2020-8-20 21:12:29
21,DESHABILITADO,2017-11-17 23:17:57
22,VERDE,2018-9-17 15:15:40
23,ROJO,2019-6-17 21:28:18
24,DESOCUPADO,2015-9-25 22:32:25
25,VERDE,2018-11-23 11:20:45
26,ROJO,2015-9-17 21:34:0
27,DESHABILITADO,2017-9-6 3:6:43
28,NARANJA,2018-4-9 8:4:54
29,DESHABILITADO,2017-11-5 6:7:13
30,NARANJA,2017-10-11 1:32:48
31,VERDE,2020-10-7 12:4:25
32,DESHABILITADO,2018-11-10 12:36:37
33,ROJO,2015-8-16 10:4:43
34,VERDE,2019-2-3 2:40:26
35,NARANJA,2019-2-17 10:9:56
36,VERDE,2019-10-21 23:3:15
37,NARANJA,2017-9-6 22:39:1
38,NARANJA,2019-5-15 1:4:42
39,VERDE,2017-7-26 0:53:58
40,VERDE,2015-7-13 18:12:28
41,ROJO,2020-8-16 1:33:56
42,DESHABILITADO,2019-11-15 16:25:7
43,NARANJA,2020-5-18 17:2:39
44,ROJO,2015-9-14 7:32:1
45,ROJO,2015-6-23 2:49:49
46,ROJO,2015-6-20 22:10:11
47,ROJO,2015-3-7 2:4:29
48,DESOCUPADO,2016-1-19 19:56:47
49,ROJO,2017-11-17 23:26:21
50,DESOCUPADO,2017-11-25 22:1:9
51,ROJO,2018-6-16 14:1:18
52,DESOCUPADO,2018-8-6 13:5:43
53,DESOCUPADO,2019-6-6 11:57:55
54,NARANJA,2019-3-1 10:55:27
55,VERDE,2018-6-13 1:50:35
56,NARANJA,2017-10-22 16:14:2
57,DESHABILITADO,2017-6-6 7:23:31
58,VERDE,2019-4-25 9:32:42
59,VERDE,2015-11-19 23:2:9
60,NARANJA,2018-4-20 6:41:11
61,VERDE,2015-12-4 21:37:12
62,ROJO,2019-4-27 10:1:40
63,ROJO,2017-12-28 1:38:37
64,NARANJA,2018-11-23 11:9:23
65,NARANJA,2017-9-8 1:56:17
66,NARANJA,2017-12-26 16:44:20
67,DESHABILITADO,2016-6-26 20:38:33
68,DESHABILITADO,2016-4-22 2:41:3
69,DESHABILITADO,2017-8-3 14:2:10
70,NARANJA,2016-12-7 23:5:41
71,NARANJA,2018-7-17 22:32:33
72,NARANJA,2016-11-9 20:4:17
73,DESHABILITADO,2019-11-14 6:44:37
74,DESOCUPADO,2016-7-12 13:40:26
75,ROJO,2018-6-18 19:22:42
76,NARANJA,2016-5-22 11:29:46
77,DESHABILITADO,2020-5-14 7:53:48
78,DESOCUPADO,2018-11-18 19:37:48
79,DESOCUPADO,2018-10-27 15:38:56
80,VERDE,2017-8-13 4:36:3
81,DESHABILITADO,2019-12-3 4:28:41
82,ROJO,2015-10-26 9:47:36
83,DESHABILITADO,2015-9-3 1:13:20
84,DESOCUPADO,2015-10-14 19:20:41
85,ROJO,2016-10-23 20:3:39
86,DESHABILITADO,2017-9-20 19:1:33
87,ROJO,2020-2-9 22:24:34
88,ROJO,2015-6-18 2:11:54
89,ROJO,2017-7-4 7:41:27
90,ROJO,2016-1-25 17:45:24
91,DESOCUPADO,2019-8-12 20:9:17
92,ROJO,2015-6-11 3:4:27
93,ROJO,2019-12-15 8:22:4
94,NARANJA,2016-10-21 16:11:43
95,ROJO,2019-4-3 19:44:33
96,ROJO,2020-2-15 1:7:20
97,NARANJA,2015-9-13 11:23:11
98,ROJO,2018-7-18 21:57:15
99,ROJO,2015-4-21 13:59:55
100,ROJO,2017-9-11 10:21:25
101,DESOCUPADO,2020-2-24 11:50:50
102,DESHABILITADO,2016-6-23 14:1:26
103,NARANJA,2018-1-2 20:26:19
104,DESHABILITADO,2017-8-22 9:1:57
105,ROJO,2019-11-23 20:12:49
106,NARANJA,2019-5-15 14:49:51
107,VERDE,2019-8-26 7:4:54
108,ROJO,2017-7-5 21:48:35
109,DESOCUPADO,2015-11-3 5:34:32
110,ROJO,2016-10-1 4:32:26
111,DESHABILITADO,2017-7-2 3:26:45
112,ROJO,2016-4-1 2:59:10
113,DESHABILITADO,2020-9-23 5:0:47
114,DESHABILITADO,2016-1-19 8:6:33
115,NARANJA,2018-4-12 3:11:23
116,ROJO,2016-10-21 10:7:55
117,NARANJA,2015-3-25 1:25:1
118,ROJO,2016-12-6 9:24:31
119,ROJO,2019-8-6 21:40:7
120,NARANJA,2019-3-11 2:55:3
121,NARANJA,2020-5-15 9:6:8
122,ROJO,2016-10-6 23:39:56
123,VERDE,2018-4-3 22:17:10
124,DESHABILITADO,2017-1-18 7:9:49
125,DESHABILITADO,2020-6-12 17:15:18
126,VERDE,2018-10-3 16:24:21
127,ROJO,2016-10-28 17:54:54
128,DESOCUPADO,2018-3-15 5:48:39
129,ROJO,2018-9-10 19:43:40
130,DESHABILITADO,2020-11-17 5:48:10
131,DESHABILITADO,2018-11-22 8:33:8
132,VERDE,2016-5-22 3:29:18
133,DESHABILITADO,2019-6-19 0:14:33
134,ROJO,2018-7-21 10:42:13
135,NARANJA,2017-8-19 20:22:38
136,DESOCUPADO,2015-9-8 20:43:28
137,NARANJA,2017-6-5 17:32:53
138,DESOCUPADO,2019-11-2 19:4:29
139,DESHABILITADO,2020-7-17 18:47:52
140,ROJO,2017-5-9 3:54:34
141,NARANJA,2019-11-20 13:24:56
142,ROJO,2019-1-18 7:27:33
143,VERDE,2018-1-2 14:22:10
144,ROJO,2016-2-21 4:25:29
145,DESHABILITADO,2017-5-24 22:44:28
146,DESHABILITADO,2019-9-19 14:32:3
147,DESOCUPADO,2016-5-1 17:29:34
148,ROJO,2019-12-26 14:44:11
149,VERDE,2016-1-15 14:40:33
150,VERDE,2016-8-22 12:32:6
151,ROJO,2019-10-10 2:16:48
152,DESHABILITADO,2016-10-8 14:4:41
153,ROJO,2017-5-28 6:33:43
154,NARANJA,2018-3-10 12:50:4
155,DESHABILITADO,2016-5-19 20:49:22
156,DESOCUPADO,2016-2-19 18:22:33
157,NARANJA,2019-9-11 15:3:41
158,NARANJA,2017-12-19 5:47:14
159,ROJO,2018-12-25 21:13:59
160,ROJO,2019-11-5 12:47:25
161,ROJO,2019-8-19 22:26:38
162,DESHABILITADO,2019-10-15 23:1:35
163,NARANJA,2016-6-8 18:36:56
164,DESHABILITADO,2018-12-11 23:51:52
165,ROJO,2020-7-25 4:17:19
166,NARANJA,2018-6-7 0:21:43
167,ROJO,2020-3-1 13:40:38
168,DESOCUPADO,2017-2-28 16:25:54
169,DESHABILITADO,2016-11-14 1:16:54
170,NARANJA,2016-4-26 20:35:56
171,DESHABILITADO,2019-2-3 14:44:56
172,DESHABILITADO,2017-8-16 11:50:25
173,VERDE,2019-5-28 18:44:9
174,NARANJA,2016-1-17 22:6:53
175,VERDE,2017-6-21 1:42:36
176,VERDE,2019-8-7 3:57:32
177,NARANJA,2016-2-24 3:11:17
178,NARANJA,2018-6-18 17:21:13
179,VERDE,2016-11-20 1:50:22
180,DESHABILITADO,2015-12-9 22:4:4
181,NARANJA,2016-3-27 8:6:12
182,NARANJA,2019-4-17 7:3:4
183,VERDE,2019-9-18 21:30:10
184,NARANJA,2018-9-1 10:7:48
185,DESHABILITADO,2015-10-2 19:8:19
186,ROJO,2020-7-17 11:53:23
187,DESOCUPADO,2016-5-8 13:5:14
188,DESOCUPADO,2019-10-7 14:3:23
189,DESOCUPADO,2017-5-24 16:49:12
190,ROJO,2018-9-15 13:9:44
191,ROJO,2017-3-6 3:27:1
192,NARANJA,2016-8-2 17:52:37
193,ROJO,2017-9-21 19:58:1
194,DESHABILITADO,2018-6-25 17:19:12
195,ROJO,2015-3-3 10:17:9
196,NARANJA,2017-2-18 11:1:30
197,VERDE,2015-4-24 17:54:29
198,NARANJA,2016-2-13 11:21:49
199,ROJO,2016-8-3 13:6:32
200,NARANJA,2017-10-4 3:45:20
201,ROJO,2015-8-5 0:52:6
202,ROJO,2019-8-21 19:36:42
203,VERDE,2016-4-26 4:2:25
204,DESHABILITADO,2017-6-25 4:52:49
205,DESHABILITADO,2016-9-9 9:18:28
206,NARANJA,2016-3-13 15:16:51
207,ROJO,2015-4-3 21:23:10
208,DESHABILITADO,2018-9-10 13:27:13
209,NARANJA,2016-3-14 21:26:11
210,ROJO,2018-2-24 5:22:0
211,ROJO,2017-7-20 17:11:2
212,DESHABILITADO,2019-4-28 14:2:13
213,NARANJA,2016-4-26 19:36:22
214,ROJO,2018-11-26 2:54:13
215,DESHABILITADO,2016-10-27 17:15:2
216,NARANJA,2019-2-24 21:45:55
217,ROJO,2018-4-2 16:26:30
218,DESOCUPADO,2016-1-23 14:24:47
219,ROJO,2017-7-17 15:58:26
220,DESHABILITADO,2016-7-26 16:6:7
221,ROJO,2019-4-17 19:36:2
222,NARANJA,2018-12-14 16:54:31
223,DESHABILITADO,2019-1-21 14:34:33
224,DESOCUPADO,2016-7-7 2:18:42
225,NARANJA,2019-1-19 6:37:23
226,DESHABILITADO,2018-5-27 5:43:43
227,ROJO,2015-7-27 3:52:5
228,DESHABILITADO,2017-11-7 21:4:50
229,DESOCUPADO,2016-7-1 2:12:5
230,DESHABILITADO,2019-9-25 20:29:48
231,ROJO,2016-8-5 12:44:16
232,ROJO,2016-4-2 1:15:31
233,ROJO,2019-4-10 10:30:36
234,DESHABILITADO,2019-7-14 23:25:26
235,VERDE,2018-5-19 7:34:13
236,NARANJA,2020-2-13 15:20:10
237,DESHABILITADO,2020-7-15 20:54:38
238,ROJO,2019-2-25 9:9:18
239,VERDE,2015-4-5 5:31:6
240,DESOCUPADO,2016-11-23 11:52:19
241,DESHABILITADO,2019-3-21 17:15:11
242,DESHABILITADO,2018-11-14 17:18:10
243,ROJO,2020-4-8 15:57:13
244,VERDE,2017-7-1 14:39:27
245,ROJO,2016-5-14 23:14:16
246,DESOCUPADO,2016-5-20 1:36:41
247,DESHABILITADO,2019-11-4 22:7:20
248,ROJO,2019-5-26 15:10:10
249,VERDE,2018-9-7 3:15:13
250,ROJO,2017-1-8 0:14:57
251,NARANJA,2017-10-9 1:53:38
252,NARANJA,2018-11-20 14:58:25
253,ROJO,2019-10-17 13:19:6
254,ROJO,2020-11-18 4:32:20
255,ROJO,2019-7-6 2:19:20
256,DESHABILITADO,2016-4-24 7:13:2
257,ROJO,2015-7-27 21:42:0
258,NARANJA,2017-7-22 22:43:1
259,ROJO,2017-11-8 11:12:28
260,VERDE,2018-2-22 7:40:18
261,DESHABILITADO,2016-7-9 3:46:11
262,DESHABILITADO,2016-1-3 7:20:46
263,DESHABILITADO,2019-6-12 2:14:13
264,NARANJA,2019-4-25 14:39:17
265,ROJO,2017-7-17 18:33:28
266,DESOCUPADO,2016-7-24 21:53:46
267,DESOCUPADO,2016-8-2 17:4:43
268,DESOCUPADO,2019-5-24 8:34:28
269,DESOCUPADO,2018-6-1 16:36:21
270,NARANJA,2019-9-7 9:39:26
271,ROJO,2018-3-28 11:14:51
272,DESOCUPADO,2017-6-14 7:1:16
273,DESHABILITADO,2018-6-21 9:25:28
274,NARANJA,2016-9-20 20:8:33
275,DESHABILITADO,2015-4-6 6:47:57
276,NARANJA,2016-7-4 15:3:21
277,DESOCUPADO,2018-8-23 12:39:26
278,ROJO,2017-10-10 8:39:28
279,NARANJA,2019-5-17 2:44:59
280,DESOCUPADO,2016-3-2 6:40:35
281,ROJO,2020-11-25 3:24:49
282,VERDE,2017-2-5 13:11:12
283,DESHABILITADO,2016-3-2 8:53:28
284,DESHABILITADO,2016-9-13 0:50:1
285,ROJO,2020-4-4 19:53:33
286,DESOCUPADO,2019-2-8 5:7:12
287,NARANJA,2019-11-14 22:12:16
288,DESHABILITADO,2017-8-18 3:25:47
289,NARANJA,2017-9-16 5:6:49
290,ROJO,2018-9-21 2:1:33
291,ROJO,2015-6-19 17:23:26
292,ROJO,2018-3-12 16:16:35
293,NARANJA,2017-5-22 14:33:31
294,ROJO,2017-4-16 11:50:19
295,ROJO,2019-2-11 6:22:24
296,DESHABILITADO,2019-9-11 12:53:47
297,ROJO,2017-5-26 9:49:44
298,NARANJA,2017-3-20 19:7:13
299,DESHABILITADO,2016-9-8 2:13:54
300,DESHABILITADO,2016-11-9 4:23:38
301,NARANJA,2016-7-20 11:51:58
302,DESHABILITADO,2017-6-13 4:14:7
303,NARANJA,2019-11-25 6:42:8
304,ROJO,2017-6-16 15:8:6
305,ROJO,2017-10-16 5:17:40
306,NARANJA,2015-9-6 2:55:38
307,DESOCUPADO,2018-6-2 14:18:46
308,VERDE,2019-5-19 20:52:2
309,ROJO,2019-10-25 23:5:38
310,NARANJA,2020-12-17 2:27:13
311,DESHABILITADO,2016-5-5 6:25:10
312,DESHABILITADO,2017-5-16 17:44:42
313,NARANJA,2016-4-2 19:56:31
314,DESHABILITADO,2018-9-3 5:36:29
315,NARANJA,2019-2-4 5:2:50
316,DESOCUPADO,2018-9-4 21:58:52
317,DESHABILITADO,2018-3-24 14:46:45
318,ROJO,2018-2-27 16:9:40
319,DESOCUPADO,2018-10-18 1:38:39
320,VERDE,2019-3-3 6:14:11
321,ROJO,2015-11-17 1:48:58
322,DESOCUPADO,2017-5-27 10:17:56
323,ROJO,2018-12-10 22:44:47
324,NARANJA,2018-9-26 15:38:42
325,DESHABILITADO,2017-2-15 9:46:35
326,DESHABILITADO,2017-8-22 15:18:26
327,ROJO,2017-2-2 1:43:43
328,VERDE,2020-2-21 3:56:20
329,ROJO,2017-1-19 1:39:4
330,DESHABILITADO,2018-10-17 4:19:19
331,DESHABILITADO,2018-9-26 1:22:42
332,VERDE,2018-5-13 0:30:56
333,VERDE,2017-7-16 14:11:35
334,DESHABILITADO,2018-2-15 5:41:18
335,DESHABILITADO,2016-6-19 16:29:15
336,ROJO,2015-8-9 4:14:42
337,DESHABILITADO,2020-5-18 18:33:20
338,NARANJA,2015-2-22 18:47:11
339,DESHABILITADO,2019-2-8 14:6:10
340,DESHABILITADO,2017-12-20 3:53:10
341,VERDE,2016-10-9 11:17:49
342,DESHABILITADO,2019-8-4 20:10:16
343,ROJO,2019-3-2 1:1:41
344,VERDE,2018-7-14 19:2:19
345,NARANJA,2019-3-2 21:26:48
346,NARANJA,2016-3-25 18:39:49
347,ROJO,2016-3-7 10:4:19
348,DESHABILITADO,2016-7-20 16:31:54
349,VERDE,2018-8-21 8:27:18
350,NARANJA,2017-7-23 19:36:31
351,NARANJA,2020-5-25 5:27:47
352,NARANJA,2018-6-16 5:53:40
353,DESOCUPADO,2018-6-1 6:3:25
354,DESOCUPADO,2018-5-12 13:19:53
355,ROJO,2016-7-9 0:6:36
356,DESOCUPADO,2017-11-1 4:32:3
357,DESOCUPADO,2020-9-17 4:10:38
358,NARANJA,2019-3-22 13:23:37
359,ROJO,2016-8-17 5:42:37
360,VERDE,2019-6-6 5:16:14
361,NARANJA,2015-8-7 12:32:22
362,DESOCUPADO,2019-11-26 8:3:10
363,NARANJA,2018-12-19 14:10:34
364,VERDE,2017-8-25 18:27:37
365,NARANJA,2016-6-10 21:50:12
366,DESHABILITADO,2016-12-19 4:32:46
367,NARANJA,2018-5-18 13:2:51
368,DESHABILITADO,2018-7-24 20:20:21
369,DESOCUPADO,2015-5-2 10:25:46
370,ROJO,2017-7-20 15:6:19
371,VERDE,2016-1-17 11:15:13
372,DESHABILITADO,2020-5-11 9:56:12
373,NARANJA,2018-3-21 9:4:28
374,ROJO,2019-5-22 6:7:58
375,NARANJA,2019-7-23 6:2:43
376,ROJO,2016-6-4 15:49:30
377,DESOCUPADO,2020-10-18 19:39:29
378,ROJO,2019-8-21 21:23:49
379,ROJO,2020-6-17 9:19:58
380,ROJO,2017-8-25 16:23:46
381,VERDE,2017-5-16 1:29:27
382,DESHABILITADO,2015-11-7 19:21:32
383,VERDE,2018-10-3 8:26:39
384,NARANJA,2019-4-24 15:50:42
385,NARANJA,2016-9-2 16:18:48
386,ROJO,2019-3-23 12:26:18
387,ROJO,2016-10-28 11:7:59
388,ROJO,2018-2-19 13:48:46
389,ROJO,2019-8-16 14:27:16
390,VERDE,2017-6-21 15:38:25
391,NARANJA,2019-11-11 12:45:46
392,DESHABILITADO,2017-8-10 16:11:58
393,VERDE,2015-11-11 17:47:45
394,NARANJA,2017-2-26 1:35:4
395,ROJO,2016-4-14 17:39:21
396,DESOCUPADO,2018-5-16 7:34:58
397,DESHABILITADO,2020-3-10 17:56:14
398,DESHABILITADO,2017-6-9 1:20:7
399,NARANJA,2019-8-5 9:31:48
400,DESOCUPADO,2017-7-11 2:1:20
401,NARANJA,2019-10-9 16:50:3
402,DESHABILITADO,2020-10-19 11:56:48
403,DESHABILITADO,2016-6-25 6:45:33
404,DESOCUPADO,2016-11-16 7:55:57
405,VERDE,2018-7-11 15:44:11
406,DESHABILITADO,2016-10-12 3:12:10
407,VERDE,2016-3-15 7:1:48
408,DESOCUPADO,2016-8-11 20:44:2
409,NARANJA,2017-3-12 13:30:36
410,VERDE,2018-5-13 6:27:28
411,VERDE,2015-6-2 20:51:15
412,ROJO,2016-2-20 19:26:55
413,ROJO,2016-11-27 6:37:46
414,DESOCUPADO,2016-7-16 23:37:38
415,DESHABILITADO,2018-7-2 20:25:57
416,ROJO,2017-3-27 17:32:32
417,NARANJA,2017-1-28 5:51:40
418,ROJO,2020-5-5 11:1:38
419,ROJO,2017-3-5 5:6:8
420,DESHABILITADO,2019-3-3 20:36:34
421,NARANJA,2019-5-5 10:3:3
422,VERDE,2016-10-23 20:2:56
423,NARANJA,2018-5-23 20:53:19
424,ROJO,2020-12-3 13:47:39
425,NARANJA,2017-4-15 21:36:51
426,ROJO,2015-10-9 5:37:28
427,DESHABILITADO,2019-11-2 9:31:27
428,DESOCUPADO,2020-5-19 18:20:29
429,DESOCUPADO,2019-8-21 6:44:19
430,DESHABILITADO,2016-11-24 5:27:53
431,DESHABILITADO,2016-12-9 16:54:15
432,NARANJA,2016-7-8 13:20:6
433,DESOCUPADO,2017-8-9 7:7:17
434,ROJO,2016-11-10 21:57:32
435,ROJO,2020-9-2 21:27:32
436,VERDE,2019-6-22 6:18:23
437,ROJO,2018-7-15 20:6:27
438,DESOCUPADO,2019-10-3 9:43:58
439,NARANJA,2018-6-21 14:7:59
440,DESHABILITADO,2020-4-1 15:34:48
441,DESOCUPADO,2019-7-1 2:3:53
442,ROJO,2019-9-23 22:49:12
443,DESHABILITADO,2018-10-22 4:50:18
444,DESHABILITADO,2017-1-11 18:54:58
445,NARANJA,2015-6-1 13:14:57
446,ROJO,2017-3-11 18:51:13
447,DESOCUPADO,2017-7-16 0:20:25
448,VERDE,2020-2-24 1:25:17
449,ROJO,2018-7-12 8:30:51
450,NARANJA,2018-2-9 20:24:36
451,DESHABILITADO,2019-4-27 14:55:36
452,NARANJA,2015-8-20 7:48:23
453,VERDE,2015-3-24 17:4:26
454,DESHABILITADO,2017-2-11 6:54:52
455,ROJO,2018-10-2 1:24:4
456,ROJO,2016-8-16 13:52:43
457,NARANJA,2017-10-10 0:18:11
458,NARANJA,2015-12-18 1:11:10
459,DESHABILITADO,2020-11-14 9:35:7
460,DESHABILITADO,2020-4-24 9:57:19
461,ROJO,2017-12-2 19:7:17
462,DESHABILITADO,2017-7-1 15:58:14
463,NARANJA,2016-2-23 21:14:3
464,DESHABILITADO,2017-1-4 2:55:23
465,DESOCUPADO,2016-2-16 18:41:9
466,ROJO,2015-10-6 15:14:13
467,VERDE,2016-11-8 13:5:36
468,ROJO,2016-4-10 10:38:32
469,NARANJA,2016-4-23 21:24:46
470,DESHABILITADO,2016-2-5 18:20:56
471,DESHABILITADO,2017-8-6 5:1:16
472,DESHABILITADO,2018-4-19 5:30:44
473,ROJO,2019-7-7 4:56:21
474,VERDE,2018-6-24 7:51:17
475,ROJO,2016-10-3 2:14:22
476,VERDE,2019-8-18 20:10:19
477,NARANJA,2017-9-14 3:53:0
478,ROJO,2016-8-18 11:51:45
479,NARANJA,2017-8-11 16:40:14
480,DESHABILITADO,2017-3-1 15:5:26
481,DESHABILITADO,2019-2-10 14:24:6
482,DESHABILITADO,2016-3-21 13:57:1
483,VERDE,2017-12-7 17:17:56
484,VERDE,2019-9-8 4:55:41
485,ROJO,2017-4-11 23:32:0
486,NARANJA,2020-11-13 2:7:36
487,DESOCUPADO,2018-4-10 13:52:10
488,ROJO,2019-9-15 8:19:49
489,NARANJA,2018-4-24 14:47:51
490,DESOCUPADO,2016-2-18 13:46:45
491,NARANJA,2016-6-6 23:38:4
492,NARANJA,2016-1-9 1:10:0
493,NARANJA,2017-5-16 22:23:21
494,ROJO,2019-9-7 18:57:27
495,ROJO,2018-11-9 0:8:26
496,DESOCUPADO,2018-3-1 14:15:43
497,DESOCUPADO,2015-1-17 8:16:43
498,ROJO,2018-11-11 20:32:30
499,NARANJA,2017-9-14 15:35:2
500,DESOCUPADO,2019-4-19 6:33:54
501,ROJO,2019-4-8 20:46:54
502,NARANJA,2016-3-24 4:25:11
503,DESHABILITADO,2019-5-13 1:59:20
504,VERDE,2018-4-10 12:25:45
505,NARANJA,2016-6-21 21:7:2
506,ROJO,2015-3-14 17:35:19
507,DESHABILITADO,2019-11-8 16:39:38
508,DESHABILITADO,2015-7-3 22:32:53
509,VERDE,2019-4-22 15:26:31
510,NARANJA,2015-4-12 18:4:40
511,ROJO,2017-11-16 14:12:51
512,ROJO,2019-3-19 2:49:18
513,ROJO,2017-5-27 20:20:1
514,DESHABILITADO,2018-4-28 8:31:50
515,ROJO,2017-7-5 1:4:22
516,DESHABILITADO,2018-11-16 15:55:52
517,NARANJA,2016-9-20 16:51:50
518,ROJO,2016-11-7 4:22:39
519,DESHABILITADO,2020-2-4 13:24:51
520,ROJO,2018-8-22 15:31:1
521,DESOCUPADO,2015-3-11 18:26:40
522,DESOCUPADO,2017-10-4 16:49:19
523,DESHABILITADO,2019-3-2 9:25:22
524,NARANJA,2018-2-15 15:13:25
525,NARANJA,2016-5-16 2:21:42
526,DESOCUPADO,2015-4-13 5:51:4
527,ROJO,2016-4-19 21:43:53
528,DESHABILITADO,2019-6-10 18:18:15
529,DESHABILITADO,2016-12-22 20:5:24
530,NARANJA,2017-8-4 18:51:8
531,VERDE,2017-10-5 22:45:46
532,DESOCUPADO,2019-8-2 2:45:53
533,ROJO,2019-8-24 2:50:27
534,DESOCUPADO,2015-1-5 22:27:59
535,DESOCUPADO,2018-8-3 18:21:33
536,DESOCUPADO,2018-5-26 6:39:10
537,VERDE,2020-3-17 1:33:11
538,ROJO,2019-9-2 3:15:6
539,NARANJA,2018-4-3 19:32:8
540,NARANJA,2020-3-3 18:36:18
541,NARANJA,2018-5-2 13:1:24
542,DESOCUPADO,2017-10-21 23:4:24
543,ROJO,2019-6-1 10:52:5
544,ROJO,2019-3-19 2:14:2
545,VERDE,2017-6-15 3:9:11
546,NARANJA,2016-3-17 21:54:45
547,VERDE,2020-8-6 0:8:53
548,DESHABILITADO,2017-8-3 12:36:48
549,ROJO,2020-3-2 17:34:17
550,DESHABILITADO,2015-10-5 10:55:19
551,VERDE,2017-10-2 12:6:36
552,ROJO,2017-4-4 3:12:11
553,ROJO,2018-6-28 7:56:12
554,ROJO,2019-9-15 17:21:21
555,DESHABILITADO,2020-6-21 15:54:34
556,ROJO,2018-6-2 7:18:59
557,ROJO,2017-3-8 3:38:12
558,ROJO,2016-8-27 20:11:2
559,NARANJA,2017-10-22 18:35:16
560,ROJO,2016-9-11 9:20:36
561,NARANJA,2016-2-3 4:30:20
562,ROJO,2017-1-5 15:7:30
563,ROJO,2017-4-5 8:2:43
564,NARANJA,2015-9-13 1:28:35
565,ROJO,2016-11-7 10:31:42
566,VERDE,2020-12-20 16:54:38
567,VERDE,2017-5-20 14:57:3
568,NARANJA,2015-8-10 20:53:8
569,NARANJA,2019-4-19 9:30:36
570,NARANJA,2016-8-19 2:8:39
571,DESOCUPADO,2016-12-6 7:32:56
572,DESOCUPADO,2015-2-11 5:32:10
573,ROJO,2015-6-9 5:30:45
574,VERDE,2016-2-15 23:34:45
575,DESHABILITADO,2018-10-11 10:58:11
576,NARANJA,2018-5-12 9:19:37
577,VERDE,2020-7-6 3:26:35
578,DESOCUPADO,2017-8-3 15:50:36
579,DESOCUPADO,2019-2-28 8:16:36
580,NARANJA,2017-1-2 1:3:50
581,ROJO,2018-6-9 20:15:48
582,VERDE,2017-2-27 14:26:34
583,NARANJA,2015-11-10 9:50:24
584,DESHABILITADO,2019-1-9 16:29:44
585,ROJO,2017-4-8 5:41:18
586,DESHABILITADO,2020-7-15 20:54:0
587,ROJO,2019-5-19 21:50:0
588,ROJO,2018-4-17 0:3:11
589,VERDE,2018-2-14 16:6:23
590,NARANJA,2018-6-21 7:31:13
591,NARANJA,2016-5-15 13:6:12
592,DESHABILITADO,2018-4-18 9:5:15
593,DESHABILITADO,2019-7-15 15:50:47
594,ROJO,2017-4-13 20:4:26
595,VERDE,2016-11-2 21:34:3
596,NARANJA,2017-10-16 7:5:51
597,NARANJA,2016-8-23 21:10:37
598,ROJO,2019-10-5 3:11:24
599,ROJO,2019-11-16 15:10:18
600,DESHABILITADO,2020-7-14 4:15:31
601,DESOCUPADO,2018-4-11 3:51:12
602,NARANJA,2018-10-12 18:34:35
603,ROJO,2018-5-1 2:8:45
604,ROJO,2017-7-20 7:51:40
605,ROJO,2018-3-6 19:15:51
606,NARANJA,2018-1-6 22:22:35
607,VERDE,2017-8-27 3:36:34
608,DESHABILITADO,2015-7-2 11:35:19
609,DESOCUPADO,2017-6-15 2:28:19
610,NARANJA,2015-11-17 22:1:23
611,ROJO,2017-12-25 6:21:10
612,ROJO,2015-4-16 14:22:51
613,NARANJA,2016-5-15 7:51:14
614,ROJO,2017-2-1 9:8:17
615,VERDE,2020-3-15 20:15:19
616,NARANJA,2019-5-10 6:7:34
617,ROJO,2016-7-2 12:11:53
618,VERDE,2019-5-5 23:42:28
619,DESHABILITADO,2019-11-14 14:27:22
620,DESHABILITADO,2018-9-10 10:23:7
621,DESHABILITADO,2017-8-4 3:44:43
622,NARANJA,2018-4-25 10:43:6
623,DESHABILITADO,2016-2-23 3:57:45
624,NARANJA,2016-12-4 1:59:53
625,DESHABILITADO,2020-1-12 21:24:4
626,DESOCUPADO,2016-11-5 8:41:10
627,NARANJA,2016-10-16 14:37:53
628,VERDE,2017-10-14 9:55:32
629,DESHABILITADO,2017-8-23 10:52:15
630,DESOCUPADO,2017-10-18 6:53:47
631,NARANJA,2017-5-12 6:55:43
632,NARANJA,2017-6-23 2:44:0
633,VERDE,2018-8-22 1:42:48
634,VERDE,2015-3-26 21:15:37
635,VERDE,2018-3-18 18:36:36
636,NARANJA,2019-6-24 21:23:26
637,DESOCUPADO,2018-5-16 1:53:44
638,DESHABILITADO,2017-5-26 22:43:32
639,VERDE,2016-1-8 9:19:24
640,DESHABILITADO,2016-8-2 2:34:15
641,DESHABILITADO,2016-9-3 9:26:21
642,ROJO,2020-6-7 22:29:21
643,DESHABILITADO,2019-1-13 1:52:42
644,DESHABILITADO,2017-11-13 19:43:47
645,DESHABILITADO,2016-5-3 18:5:10
646,NARANJA,2018-8-6 17:8:33
647,NARANJA,2018-3-8 4:53:24
648,ROJO,2015-5-2 8:3:9
649,ROJO,2019-11-18 4:52:49
650,DESOCUPADO,2016-11-20 19:3:44
651,NARANJA,2017-4-16 3:35:42
652,DESHABILITADO,2015-10-14 0:29:38
653,VERDE,2019-8-4 7:40:6
654,DESOCUPADO,2020-8-10 8:20:44
655,VERDE,2017-4-7 6:3:16
656,NARANJA,2017-11-26 4:52:17
657,VERDE,2019-5-7 1:49:26
658,NARANJA,2017-2-3 3:32:31
659,NARANJA,2017-5-10 17:6:20
660,NARANJA,2016-5-1 20:32:58
661,DESHABILITADO,2015-6-27 1:11:10
662,NARANJA,2017-10-17 20:24:13
663,NARANJA,2015-10-10 0:7:43
664,ROJO,2018-4-28 8:54:15
665,DESHABILITADO,2019-4-22 8:20:22
666,NARANJA,2018-6-5 18:47:28
667,ROJO,2018-10-9 9:8:46
668,DESHABILITADO,2018-6-18 4:20:34
669,DESHABILITADO,2016-10-23 7:37:36
670,DESOCUPADO,2017-11-23 3:52:9
671,NARANJA,2017-5-9 18:3:45
672,NARANJA,2020-2-25 13:35:17
673,ROJO,2018-10-8 22:50:51
674,ROJO,2016-11-6 22:15:23
675,NARANJA,2019-9-9 19:38:47
676,NARANJA,2019-10-17 16:32:8
677,NARANJA,2018-8-13 15:9:41
678,DESHABILITADO,2017-11-17 9:12:29
679,DESOCUPADO,2019-7-14 14:53:39
680,VERDE,2016-4-23 7:10:0
681,ROJO,2019-8-5 7:8:9
682,ROJO,2015-12-12 5:3:29
683,ROJO,2018-10-10 18:50:25
684,ROJO,2018-7-6 10:15:30
685,NARANJA,2016-3-19 0:27:35
686,DESHABILITADO,2019-11-22 9:18:5
687,DESHABILITADO,2020-6-16 2:27:33
688,ROJO,2020-11-5 20:44:11
689,NARANJA,2016-3-15 16:40:29
690,NARANJA,2018-12-24 11:31:36
691,VERDE,2016-3-24 23:23:29
692,DESOCUPADO,2019-4-22 7:52:49
693,ROJO,2020-7-4 1:45:25
694,DESHABILITADO,2017-6-24 3:32:38
695,NARANJA,2019-4-5 5:11:47
696,DESHABILITADO,2015-10-21 21:46:33
697,ROJO,2015-8-20 5:15:11
698,DESHABILITADO,2016-11-15 22:30:50
699,ROJO,2018-10-21 5:11:6
700,NARANJA,2015-3-21 20:48:2
701,DESHABILITADO,2020-4-26 3:28:53
702,DESHABILITADO,2019-10-23 15:56:19
703,VERDE,2015-6-19 22:19:45
704,NARANJA,2015-2-2 17:36:8
705,NARANJA,2015-12-8 16:12:27
706,VERDE,2019-1-18 17:9:39
707,VERDE,2018-5-11 15:39:42
708,VERDE,2019-6-10 10:2:55
709,ROJO,2020-9-24 10:47:15
710,VERDE,2018-12-21 17:32:58
711,NARANJA,2017-8-19 22:31:29
712,NARANJA,2019-8-21 13:22:24
713,VERDE,2017-11-11 17:28:35
714,ROJO,2015-12-3 18:28:17
715,ROJO,2018-11-25 20:13:37
716,NARANJA,2015-8-12 2:42:45
717,ROJO,2017-11-22 11:34:28
718,NARANJA,2015-8-27 13:55:20
719,VERDE,2018-12-25 18:43:13
720,ROJO,2015-5-26 10:52:36
721,NARANJA,2020-5-3 17:10:37
722,DESOCUPADO,2018-12-27 17:54:21
723,DESOCUPADO,2016-7-18 15:26:58
724,ROJO,2017-9-8 10:7:3
725,NARANJA,2015-7-5 19:37:28
726,DESOCUPADO,2016-8-22 13:40:42
727,DESHABILITADO,2020-4-23 16:3:4
728,ROJO,2018-2-1 6:54:39
729,ROJO,2020-8-2 5:37:34
730,DESOCUPADO,2017-8-1 18:27:48
731,ROJO,2017-11-3 7:12:24
732,DESHABILITADO,2016-2-27 7:31:12
733,ROJO,2018-3-5 18:6:14
734,ROJO,2019-6-3 11:0:47
735,DESOCUPADO,2019-9-12 13:40:12
736,ROJO,2017-2-4 20:34:43
737,NARANJA,2017-6-17 20:2:0
738,ROJO,2019-5-11 18:55:26
739,NARANJA,2017-11-2 20:25:4
740,NARANJA,2019-12-13 18:58:53
741,NARANJA,2017-2-15 9:25:55
742,ROJO,2019-4-2 16:58:56
743,ROJO,2019-2-20 11:18:10
744,ROJO,2018-11-24 4:46:17
745,DESHABILITADO,2016-1-9 14:7:15
746,ROJO,2019-4-23 16:58:5
747,ROJO,2017-2-25 22:48:48
748,DESHABILITADO,2016-2-17 22:55:32
749,DESOCUPADO,2017-6-19 23:18:23
750,DESHABILITADO,2016-5-4 3:6:45
751,VERDE,2018-4-17 9:31:22
752,ROJO,2018-8-22 7:13:17
753,NARANJA,2016-4-11 2:22:48
754,NARANJA,2019-3-18 0:33:42
755,ROJO,2019-2-24 22:10:36
756,ROJO,2018-5-8 10:21:13
757,DESOCUPADO,2019-3-16 10:31:34
758,VERDE,2016-10-26 4:55:58
759,ROJO,2016-11-7 14:7:56
760,NARANJA,2015-9-15 7:54:43
761,ROJO,2016-6-16 10:54:40
762,DESHABILITADO,2018-11-6 11:42:19
763,VERDE,2016-5-25 19:25:18
764,DESHABILITADO,2018-2-16 22:40:41
765,DESHABILITADO,2018-1-22 6:38:57
766,NARANJA,2018-9-15 22:20:5
767,DESHABILITADO,2020-8-13 3:17:13
768,NARANJA,2016-4-16 20:46:49
769,NARANJA,2016-10-15 11:59:24
770,DESOCUPADO,2018-9-1 13:37:21
771,ROJO,2019-7-22 12:21:33
772,NARANJA,2017-10-23 15:38:48
773,DESHABILITADO,2017-8-5 16:40:48
774,NARANJA,2020-11-9 6:19:44
775,VERDE,2020-7-16 22:11:42
776,NARANJA,2017-4-19 16:22:25
777,VERDE,2015-7-17 13:44:35
778,NARANJA,2015-2-18 17:31:50
779,NARANJA,2019-8-23 17:50:40
780,DESHABILITADO,2017-5-25 18:3:2
781,DESHABILITADO,2018-3-26 3:39:56
782,VERDE,2018-6-18 12:40:35
783,DESHABILITADO,2017-10-2 3:20:29
784,DESHABILITADO,2016-8-12 18:51:28
785,NARANJA,2016-6-14 14:26:42
786,NARANJA,2020-1-2 13:18:46
787,NARANJA,2020-9-26 19:56:14
788,DESOCUPADO,2019-6-12 19:50:59
789,ROJO,2017-8-14 18:24:20
790,DESHABILITADO,2018-5-21 0:44:31
791,DESHABILITADO,2017-10-8 22:45:7
792,ROJO,2020-9-10 2:3:44
793,ROJO,2017-3-11 6:43:32
794,DESOCUPADO,2016-4-11 6:0:7
795,NARANJA,2019-1-13 18:8:5
796,ROJO,2017-10-3 1:9:30
797,VERDE,2019-6-7 5:50:38
798,DESHABILITADO,2019-12-23 19:5:28
799,VERDE,2017-12-5 13:59:22
800,VERDE,2016-9-6 19:39:52
801,DESHABILITADO,2019-8-26 22:22:48
802,VERDE,2018-2-14 16:9:37
803,ROJO,2015-5-7 8:30:3
804,DESHABILITADO,2018-11-7 18:6:10
805,DESHABILITADO,2019-7-6 9:6:42
806,DESOCUPADO,2016-6-25 21:3:48
807,DESHABILITADO,2018-3-15 1:5:57
808,NARANJA,2016-4-27 6:40:50
809,DESHABILITADO,2016-4-25 17:25:37
810,DESOCUPADO,2019-2-12 16:58:32
811,DESHABILITADO,2017-6-9 14:57:12
812,ROJO,2017-6-6 8:34:35
813,ROJO,2019-9-18 20:47:26
814,VERDE,2019-7-3 9:16:20
815,ROJO,2016-7-2 14:35:32
816,ROJO,2016-10-10 6:4:52
817,DESHABILITADO,2018-6-19 14:12:50
818,VERDE,2019-9-25 21:51:21
819,DESOCUPADO,2019-6-15 19:29:59
820,DESHABILITADO,2016-9-9 3:21:55
821,NARANJA,2016-3-25 21:22:29
822,VERDE,2017-8-17 16:34:37
823,DESOCUPADO,2017-6-26 16:52:39
824,ROJO,2019-2-21 1:7:56
825,DESHABILITADO,2017-6-20 0:58:31
826,DESOCUPADO,2018-7-11 22:23:40
827,DESHABILITADO,2016-4-5 4:59:4
828,VERDE,2020-12-10 19:58:18
829,DESHABILITADO,2015-4-8 13:34:59
830,NARANJA,2018-8-8 10:2:30
831,NARANJA,2019-4-4 10:23:54
832,DESHABILITADO,2017-2-8 20:42:11
833,ROJO,2017-10-14 23:43:2
834,DESOCUPADO,2015-2-13 15:11:49
835,NARANJA,2019-3-27 19:32:46
836,ROJO,2019-4-5 20:42:6
837,DESHABILITADO,2017-2-5 22:7:5
838,NARANJA,2015-9-17 8:9:36
839,ROJO,2016-12-14 18:36:56
840,ROJO,2017-7-24 18:50:31
841,NARANJA,2016-12-10 10:58:23
842,NARANJA,2016-2-27 23:8:17
843,ROJO,2015-7-25 2:46:6
844,ROJO,2016-4-4 1:0:18
845,VERDE,2019-5-20 3:24:47
846,DESHABILITADO,2019-11-14 22:8:10
847,ROJO,2018-5-27 15:54:23
848,VERDE,2017-2-3 11:9:55
849,VERDE,2019-4-28 4:57:11
850,DESHABILITADO,2018-3-4 20:39:41
851,VERDE,2018-11-23 6:55:41
852,DESOCUPADO,2019-6-9 5:45:28
853,DESOCUPADO,2019-9-5 18:44:1
854,VERDE,2019-11-5 8:57:54
855,DESOCUPADO,2020-7-1 15:45:36
856,NARANJA,2018-6-15 13:40:47
857,DESHABILITADO,2020-11-13 9:16:49
858,ROJO,2016-2-6 10:23:39
859,DESHABILITADO,2015-2-16 1:42:55
860,VERDE,2017-11-12 8:2:59
861,ROJO,2020-11-19 21:22:1
862,DESOCUPADO,2018-6-11 9:43:29
863,DESOCUPADO,2020-6-8 21:17:13
864,DESOCUPADO,2019-9-19 22:45:12
865,DESHABILITADO,2017-11-24 20:53:10
866,ROJO,2017-10-10 3:16:40
867,NARANJA,2020-10-2 5:53:2
868,DESHABILITADO,2018-7-10 18:48:27
869,ROJO,2016-3-10 2:16:11
870,DESHABILITADO,2019-6-8 18:17:43
871,ROJO,2019-6-22 13:58:21
872,ROJO,2016-7-6 17:52:19
873,DESOCUPADO,2018-8-18 18:27:42
874,DESHABILITADO,2018-4-22 9:48:52
875,NARANJA,2017-9-22 21:33:18
876,ROJO,2018-11-14 20:31:37
877,ROJO,2019-6-20 13:37:53
878,VERDE,2020-6-18 18:25:43
879,NARANJA,2016-6-23 1:45:24
880,DESHABILITADO,2019-4-15 8:58:17
881,ROJO,2016-12-14 3:36:55
882,ROJO,2017-8-26 22:9:32
883,DESHABILITADO,2020-6-27 16:9:29
884,VERDE,2018-9-7 15:56:16
885,NARANJA,2018-5-19 16:26:22
886,DESHABILITADO,2017-7-22 22:49:35
887,NARANJA,2015-5-21 13:12:35
888,ROJO,2016-4-9 13:22:51
889,NARANJA,2018-1-9 11:28:20
890,DESHABILITADO,2019-8-2 20:14:23
891,DESOCUPADO,2019-11-7 1:54:37
892,ROJO,2015-7-9 12:53:35
893,DESHABILITADO,2017-3-27 16:28:20
894,ROJO,2016-11-7 3:45:21
895,DESHABILITADO,2019-6-2 19:24:38
896,DESHABILITADO,2018-6-14 9:20:10
897,NARANJA,2018-12-12 16:10:30
898,NARANJA,2015-4-13 14:8:12
899,NARANJA,2019-5-18 13:17:50
900,VERDE,2016-2-2 4:51:16
901,ROJO,2017-1-12 10:43:37
902,DESHABILITADO,2019-11-9 23:11:22
903,DESHABILITADO,2018-8-22 3:25:28
904,DESOCUPADO,2015-11-24 18:16:10
905,DESHABILITADO,2018-9-4 17:48:7
906,ROJO,2015-10-8 2:18:23
907,NARANJA,2020-4-7 21:19:54
908,VERDE,2016-11-19 7:10:25
909,ROJO,2020-7-17 13:2:2
910,DESOCUPADO,2019-4-26 10:33:3
911,NARANJA,2016-3-23 19:5:24
912,DESHABILITADO,2019-8-16 12:32:31
913,DESOCUPADO,2017-5-1 2:54:31
914,DESOCUPADO,2015-9-28 1:17:19
915,NARANJA,2016-12-21 16:22:47
916,NARANJA,2016-4-24 9:52:40
917,DESHABILITADO,2018-7-3 19:30:8
918,DESHABILITADO,2015-11-14 13:51:58
919,NARANJA,2017-11-22 2:52:46
920,DESHABILITADO,2016-2-9 10:38:14
921,DESHABILITADO,2019-10-4 14:41:44
922,DESHABILITADO,2017-10-23 18:27:40
923,VERDE,2018-1-1 7:20:12
924,NARANJA,2016-5-16 3:7:18
925,DESHABILITADO,2019-1-15 4:50:49
926,NARANJA,2017-9-15 21:22:47
927,DESHABILITADO,2019-9-8 18:17:30
928,DESOCUPADO,2017-5-18 3:31:1
929,ROJO,2016-2-27 8:40:42
930,DESHABILITADO,2016-6-7 3:22:8
931,NARANJA,2015-2-21 3:24:3
932,NARANJA,2017-10-28 5:29:23
933,VERDE,2019-5-27 2:55:52
934,ROJO,2018-5-18 23:16:56
935,ROJO,2015-3-9 0:31:10
936,DESHABILITADO,2019-2-22 20:38:26
937,VERDE,2017-3-4 6:1:2
938,ROJO,2019-3-3 7:2:10
939,ROJO,2019-6-19 17:7:17
940,DESOCUPADO,2018-1-17 22:6:5
941,NARANJA,2019-11-6 12:55:38
942,DESHABILITADO,2019-6-9 17:2:47
943,VERDE,2015-8-26 15:31:46
944,NARANJA,2016-3-26 0:40:11
945,VERDE,2018-5-4 12:6:56
946,DESHABILITADO,2020-12-27 7:14:42
947,ROJO,2017-11-19 12:59:28
948,ROJO,2017-8-22 14:4:27
949,ROJO,2018-8-4 4:3:44
950,ROJO,2016-11-19 3:24:22
951,NARANJA,2020-6-15 10:58:7
952,ROJO,2019-4-5 9:37:3
953,DESHABILITADO,2018-11-8 1:18:54
954,DESHABILITADO,2019-9-16 11:37:57
955,ROJO,2016-11-21 7:10:7
956,VERDE,2017-11-8 13:36:50
957,DESHABILITADO,2020-9-21 16:45:32
958,DESHABILITADO,2019-10-15 4:16:34
959,ROJO,2018-7-18 18:28:20
960,DESHABILITADO,2015-3-25 14:47:27
961,DESOCUPADO,2016-5-25 20:10:13
962,NARANJA,2016-3-27 6:13:31
963,NARANJA,2018-10-11 14:52:37
964,VERDE,2017-2-9 17:11:21
965,NARANJA,2017-5-13 17:39:24
966,VERDE,2016-8-26 20:32:3
967,VERDE,2020-9-21 0:59:19
968,VERDE,2019-9-24 15:53:41
969,DESHABILITADO,2019-1-22 20:16:21
970,DESHABILITADO,2019-12-3 11:30:2
971,ROJO,2018-4-19 22:28:22
972,DESOCUPADO,2018-7-20 19:12:2
973,DESHABILITADO,2017-5-7 9:51:23
974,NARANJA,2017-2-15 2:18:45
975,NARANJA,2016-4-25 10:38:50
976,DESHABILITADO,2019-10-9 22:19:57
977,ROJO,2019-9-11 14:40:14
978,DESHABILITADO,2018-8-8 6:21:23
979,VERDE,2019-7-5 16:39:15
980,NARANJA,2018-12-19 21:8:57
981,NARANJA,2018-7-18 8:19:39
982,VERDE,2020-4-21 8:27:55
983,ROJO,2018-11-20 22:4:45
984,DESHABILITADO,2020-8-6 15:18:15
985,NARANJA,2017-2-12 6:27:25
986,ROJO,2018-8-8 19:26:32
987,VERDE,2015-3-25 3:45:44
988,DESOCUPADO,2017-6-4 7:22:3
989,DESHABILITADO,2017-5-23 15:16:44
990,DESOCUPADO,2017-7-13 21:41:9
991,NARANJA,2019-2-28 3:55:24
992,DESHABILITADO,2019-2-5 17:20:20
993,ROJO,2017-4-16 10:53:51
994,DESHABILITADO,2017-3-20 8:43:38
995,NARANJA,2017-11-25 12:27:13
996,NARANJA,2018-12-19 6:55:32
997,NARANJA,2016-3-3 14:11:39
998,ROJO,2018-7-25 17:45:34
999,NARANJA,2017-11-26 3:44:16
1000,DESHABILITADO,2019-11-12 0:26:34
