SET AUTOCOMMIT 1;

INSERT INTO LECTOR
VALUES (1);
INSERT INTO LECTOR
VALUES (2);
INSERT INTO LECTOR
VALUES (3);
INSERT INTO LECTOR
VALUES (4);
INSERT INTO LECTOR
VALUES (5);
INSERT INTO LECTOR
VALUES (6);
INSERT INTO LECTOR
VALUES (7);
INSERT INTO LECTOR
VALUES (8);
INSERT INTO LECTOR
VALUES (9);
INSERT INTO LECTOR
VALUES (10);



INSERT INTO CENTRO_COMERCIAL
VALUES (1, 1, 5000);



INSERT INTO ESPACIO
VALUES (1,  'Parquedero S1', 1, 2, 'PARQUEADERO');
INSERT INTO ESPACIO
VALUES (2,  'Baño norte', 1, 3, 'BAÑO');
INSERT INTO ESPACIO
VALUES (3,  'Baño sur', 1, 4, 'BAÑO');
INSERT INTO ESPACIO
VALUES (4,  'McDonalds', 1, 5, 'LOCAL_COMERCIAL');
INSERT INTO ESPACIO
VALUES (5,  'Papa johns', 1, 6, 'LOCAL_COMERCIAL');
INSERT INTO ESPACIO
VALUES (6,  'El éxito', 1, 7, 'LOCAL_COMERCIAL');
INSERT INTO ESPACIO
VALUES (7,  'Zara', 1, 8, 'LOCAL_COMERCIAL');
INSERT INTO ESPACIO
VALUES (8,  'Ascensor norte', 1, 9, 'ASCENSOR');
INSERT INTO ESPACIO
VALUES (9,  'Ascensor sur', 1, 10, 'ASCENSOR');


INSERT INTO BANIO
VALUES (2, 10);
INSERT INTO BANIO
VALUES (3, 16);

INSERT INTO PARQUEADERO
VALUES (1, 145);


INSERT INTO TIPO_ESTABLECIMIENTO
VALUES ('RESTAURANTE',TO_DATE('12:00:00', 'hh24:mi:ss'), TO_DATE('20:00:00', 'hh24:mi:ss'));
INSERT INTO TIPO_ESTABLECIMIENTO
VALUES ('SUPERMERCADO',TO_DATE('8:00:00', 'hh24:mi:ss'), TO_DATE('20:00:00', 'hh24:mi:ss'));
INSERT INTO TIPO_ESTABLECIMIENTO
VALUES ('TIENDA',TO_DATE('10:00:00', 'hh24:mi:ss'), TO_DATE('18:00:00', 'hh24:mi:ss'));


INSERT INTO LOCAL_COMERCIAL
VALUES (4, 150, 82, 'RESTAURANTE');
INSERT INTO LOCAL_COMERCIAL
VALUES (5, 124, 57, 'RESTAURANTE');
INSERT INTO LOCAL_COMERCIAL
VALUES (6, 430, 135, 'SUPERMERCADO');
INSERT INTO LOCAL_COMERCIAL
VALUES (7, 210, 61, 'TIENDA');


INSERT INTO TIPO_VISITANTE
VALUES ('EMPLEADO_RESTAURANTE',TO_DATE('10:30:00', 'hh24:mi:ss'), TO_DATE('21:30:00', 'hh24:mi:ss'));
INSERT INTO TIPO_VISITANTE
VALUES ('EMPLEADO_SUPERMERCADO',TO_DATE('7:00:00', 'hh24:mi:ss'), TO_DATE('21:00:00', 'hh24:mi:ss'));
INSERT INTO TIPO_VISITANTE
VALUES ('EMPLEADO_TIENDA',TO_DATE('9:00:00', 'hh24:mi:ss'), TO_DATE('19:00:00', 'hh24:mi:ss'));
INSERT INTO TIPO_VISITANTE
VALUES ('EMPLEADO_CC',TO_DATE('0:00:00', 'hh24:mi:ss'), TO_DATE('23:59:00', 'hh24:mi:ss'));
INSERT INTO TIPO_VISITANTE
VALUES ('CONSUMIDOR',TO_DATE('8:00:00', 'hh24:mi:ss'), TO_DATE('20:00:00', 'hh24:mi:ss'));


INSERT INTO VISITANTE
VALUES (1, 'Juan Camilo Garcia', 'juanca19@hotmail.com', '1111111111', 'Emergencia Juan', '1212121212' , 'EMPLEADO_RESTAURANTE', 'COD1', 1);
INSERT INTO VISITANTE
VALUES (2, 'Julian Pachon', 'pachoman@gmail.com', '2222222222', 'Emergencia Julian', '2121212121' ,'EMPLEADO_RESTAURANTE', 'COD2', 1);
INSERT INTO VISITANTE
VALUES (3, 'Camila Rodriguez', 'cami123@hotmail.com', '3333333333', 'Emergencia Camila', '3434343434' ,'EMPLEADO_TIENDA', 'COD3', 1);
INSERT INTO VISITANTE
VALUES (4, 'Juliana Medina', 'julian43@outlook.com', '4444444444', 'Emergencia Juliana', '4343434343' ,'EMPLEADO_SUPERMERCADO', 'COD4', 1);
INSERT INTO VISITANTE
VALUES (5, 'Ramon Riveros', 'ramon12@hotmail.com', '5555555555', 'Emergencia Ramon', '5656565656' ,'EMPLEADO_CC', 'COD5', 1);
INSERT INTO VISITANTE
VALUES (6, 'Nicole Barrios', 'NicolB@gmail.com', '6666666666', 'Emergencia Nicole', '6565656565' ,'EMPLEADO_SUPERMERCADO', 'COD6', 1);
INSERT INTO VISITANTE
VALUES (7, 'Paco Rubio', 'pac_man@hotmail.com', '7777777777', 'Emergencia Paco', '7878787878' ,'CONSUMIDOR', 'COD7', 1);
INSERT INTO VISITANTE
VALUES (8, 'Roberto Estropajo', 'Robert44@gmail.com', '8888888888', 'Emergencia Roberto', '8787878787' ,'CONSUMIDOR', 'COD8', 1);


INSERT INTO VISITA
VALUES (1, TO_DATE('10:48:00', 'hh24:mi:ss'), TO_DATE('21:25:00', 'hh24:mi:ss'), 1, 1);
INSERT INTO VISITA
VALUES (2, TO_DATE('15:51:00', 'hh24:mi:ss'), TO_DATE('16:02:00', 'hh24:mi:ss'), 1, 3);
INSERT INTO VISITA
VALUES (3, TO_DATE('10:58:00', 'hh24:mi:ss'), TO_DATE('21:17:00', 'hh24:mi:ss'), 1, 5);
INSERT INTO VISITA
VALUES (4, TO_DATE('10:32:00', 'hh24:mi:ss'), TO_DATE('21:14:00', 'hh24:mi:ss'), 2, 1);
INSERT INTO VISITA
VALUES (5, TO_DATE('17:21:00', 'hh24:mi:ss'), TO_DATE('17:32:00', 'hh24:mi:ss'), 2, 4);
INSERT INTO VISITA
VALUES (6, TO_DATE('10:39:00', 'hh24:mi:ss'), TO_DATE('21:08:00', 'hh24:mi:ss'), 2, 6);
INSERT INTO VISITA
VALUES (7, TO_DATE('09:12:00', 'hh24:mi:ss'), TO_DATE('16:58:00', 'hh24:mi:ss'), 3, 1);
INSERT INTO VISITA
VALUES (8, TO_DATE('09:18:00', 'hh24:mi:ss'), TO_DATE('16:55:00', 'hh24:mi:ss'), 3, 8);
INSERT INTO VISITA
VALUES (9, TO_DATE('07:01:00', 'hh24:mi:ss'), TO_DATE('14:26:00', 'hh24:mi:ss'), 4, 1);
INSERT INTO VISITA
VALUES (10, TO_DATE('14:09:00', 'hh24:mi:ss'), TO_DATE('14:19:00', 'hh24:mi:ss'), 4, 4);
INSERT INTO VISITA
VALUES (11, TO_DATE('07:13:00', 'hh24:mi:ss'), TO_DATE('14:01:00', 'hh24:mi:ss'), 4, 6);
INSERT INTO VISITA
VALUES (12, TO_DATE('13:48:00', 'hh24:mi:ss'), TO_DATE('20:57:00', 'hh24:mi:ss'), 6, 1);
INSERT INTO VISITA
VALUES (13, TO_DATE('13:54:00', 'hh24:mi:ss'), TO_DATE('20:49:00', 'hh24:mi:ss'), 6, 6);
INSERT INTO VISITA
VALUES (14, TO_DATE('13:09:00', 'hh24:mi:ss'), TO_DATE('15:44:00', 'hh24:mi:ss'), 5, 1);
INSERT INTO VISITA
VALUES (15, TO_DATE('13:15:00', 'hh24:mi:ss'), TO_DATE('13:17:00', 'hh24:mi:ss'), 5, 9);
INSERT INTO VISITA
VALUES (16, TO_DATE('14:01:00', 'hh24:mi:ss'), TO_DATE('14:49:00', 'hh24:mi:ss'), 5, 5);
INSERT INTO VISITA
VALUES (17, TO_DATE('10:34:00', 'hh24:mi:ss'), TO_DATE('14:21:00', 'hh24:mi:ss'), 7, 1);
INSERT INTO VISITA
VALUES (18, TO_DATE('10:42:00', 'hh24:mi:ss'), TO_DATE('13:58:00', 'hh24:mi:ss'), 7, 7);
INSERT INTO VISITA
VALUES (19, TO_DATE('14:02:00', 'hh24:mi:ss'), TO_DATE('14:16:00', 'hh24:mi:ss'), 7, 3);
INSERT INTO VISITA
VALUES (20, TO_DATE('16:32:00', 'hh24:mi:ss'), TO_DATE('17:45:00', 'hh24:mi:ss'), 8, 1);
INSERT INTO VISITA
VALUES (21, TO_DATE('16:51:00', 'hh24:mi:ss'), TO_DATE('17:34:00', 'hh24:mi:ss'), 8, 8);


INSERT INTO ADMINISTRADOR
VALUES (1, 'Alfonso Chaves');
INSERT INTO ADMINISTRADOR
VALUES (2, 'Rodrigo Alvares');
INSERT INTO ADMINISTRADOR
VALUES (3, 'Esteban Jimenez');
INSERT INTO ADMINISTRADOR
VALUES (4, 'Natalia Torres');
INSERT INTO ADMINISTRADOR
VALUES (5, 'Lizeth Morales');


INSERT INTO ADMIN_CC
VALUES (1, 1);

INSERT INTO ADMIN_LOCAL
VALUES (2, 4);
INSERT INTO ADMIN_LOCAL
VALUES (3, 5);
INSERT INTO ADMIN_LOCAL
VALUES (4, 6);
INSERT INTO ADMIN_LOCAL
VALUES (5, 7);

















--DELETE FROM LECTOR;
--DELETE FROM CENTRO_COMERCIAL;